{
	  "name": "foundryvtt-arms-reach",
	  "title": "FoundryVTT Arms Reach",
	  "description": "Allows the GM to limit the distance that a player can interate with a door. And adds a shortkey to interact with rearest door.",
    "version": "1.0.0",
    "author": "4535992 and Psyny",
    "type": "module",
    "socket": true,
    "includes": [
      "./assets/**",
      "./lang/**",
      "./scripts/**",
      "./styles/**",
      "./templates/**",
      "./module.json",
      "./README.md",
      "./icons/**",
      "./packs/**"
    ],
    "media": [
      {
        "type": "icon",
        "location": ""
      }, 
      {
        "type": "cover",
        "location": ""
      },
      {
        "type": "screenshot",
        "location": ""
      }
    ],
    "esmodules": [
        "ArmsReach.js"
    ],
    "styles": [
        "styles/ArmsReach.css"
    ],
	  "url": "https://github.com/p4535992/foundryvtt-arms-reach",
 	  "manifest": "https://raw.githubusercontent.com/p4535992/foundryvtt-arms-reach/main/src/module.json",
	  "download": "https://raw.githubusercontent.com/p4535992/foundryvtt-arms-reach/main/foundryvtt-arms-reach.zip",
    "minimumCoreVersion": "0.7.6",
    "compatibleCoreVersion": "0.7.9",
    "minimumSystemVersion": "1.2.2"
}
