{
	  "name": "foundryvtt-arms-reach",
	  "title": "FoundryVTT Arms Reach",
	  "description": "Allows the GM to limit the distance that a player can interate with a door. And adds a shortkey to interact with rearest door.",
    "version": "1.1.0",
    "author": "Psyny and 4535992",
    "type": "module",
    "socket": true,
    "includes": [
      "./assets/**",
      "./lang/**",
      "./scripts/**",
      "./styles/**",
      "./templates/**",
      "./module.json",
      "./README.md",
      "./icons/**",
      "./packs/**"
    ],
    "media": [
      {
        "type": "icon",
        "location": ""
      },
      {
        "type": "cover",
        "location": ""
      },
      {
        "type": "screenshot",
        "location": ""
      }
    ],
    "languages": [
      {
          "lang": "en",
          "name": "English",
          "path": "lang/en.json"
      }
    ],
    "scripts": [

    ],
    "esmodules": [
        "foundryvtt-arms-reach.js"
    ],
    "styles": [
        "styles/foundryvtt-arms-reach.css"
    ],
	  "url": "https://github.com/p4535992/foundryvtt-arms-reach",
 	  "manifest": "https://raw.githubusercontent.com/p4535992/foundryvtt-arms-reach/main/src/module.json",
	  "download": "https://raw.githubusercontent.com/p4535992/foundryvtt-arms-reach/main/package/foundryvtt-arms-reach-v1.1.0.zip",
    "minimumCoreVersion": "0.8.6",
    "compatibleCoreVersion": "0.8.6",
    "manifestPlusVersion": "1.2.0",
    "changelog": "https://raw.githubusercontent.com/p4535992/foundryvtt-arms-reach/main/changelog.md",
    "bugs": "https://github.com/p4535992/foundryvtt-arms-reach/issues",
    "allowBugReporter": true,
    "dependencies": [
      {
        "name": "lib-wrapper"
      },
      {
        "name": "lib-find-the-path"
      }
    ]

}
